Year,0,1
2004,140061.8716,7077.655265
2005,277241.2008,3288.986571
2006,117233.026,12244.59632
2007,402355.1549,5326.730993
2008,35633.70382,13619.79131
2009,474590.8694,9040.642359
2010,49722.00339,125308.5813
2011,77113.07477,27178.52731
2012,136586.4187,3922.221775
2013,80356.84956,13156.3823
2014,235943.7322,3413.488373
2015,23030.02373,13597.66209
2016,304655.4582,7277.880618
2017,32663,38561
2018,165064.4,11167.8
